iter	MultiClass
0	6.156328988
1	161.7519153
2	434.4215592
3	945.659798
4	1173.1864
5	1399.798759
6	1334.016827
7	1353.055387
8	1113.621139
9	1307.047341
